feature,missing_records,missing_percent
last_transaction,3223,11.355788880276231
dependents,2463,8.678035374533154
city,803,2.829257980410119
gender,525,1.8497639348883095
occupation,80,0.2818687900782186
current_month_credit,0,0.0
churn,0,0.0
previous_month_balance,0,0.0
current_month_balance,0,0.0
previous_month_debit,0,0.0
current_month_debit,0,0.0
previous_month_credit,0,0.0
customer_id,0,0.0
average_monthly_balance_prevQ2,0,0.0
average_monthly_balance_prevQ,0,0.0
vintage,0,0.0
current_balance,0,0.0
branch_code,0,0.0
customer_nw_category,0,0.0
age,0,0.0
previous_month_end_balance,0,0.0
