feature,count,mean,std,min,10%,50%,90%,99%,max
current_balance,28382.0,7380.55180360792,42598.711923233204,-5503.96,910.565,3281.255,13526.019000000004,64781.362599999804,5905904.03
previous_month_end_balance,28382.0,7495.770547882461,42529.345224675744,-3149.57,1208.5900000000001,3379.915,13345.159000000001,66212.91159999967,5740438.63
average_monthly_balance_prevQ,28382.0,7496.779855542246,41726.21877631234,1428.69,1674.302,3542.865,13013.059000000003,60118.228799999546,5700289.57
average_monthly_balance_prevQ2,28382.0,7124.209162497357,44575.80964007295,-16506.1,1039.3760000000002,3359.6000000000004,12785.328000000005,59357.880999999936,5010170.1
current_month_credit,28382.0,3433.252240152209,77071.45240839856,0.01,0.13,0.61,4065.6050000000014,50047.00039999968,12269845.39
previous_month_credit,28382.0,3261.694458459587,29688.889329438924,0.01,0.13,0.63,4385.482000000008,51797.68389999943,2361808.29
current_month_debit,28382.0,3658.7445486576,51985.42366453831,0.01,0.16,91.93,5500.559000000001,51328.90039999984,7637857.36
previous_month_debit,28382.0,3339.7613529701925,24301.11168299454,0.01,0.17,109.96000000000001,5633.990000000002,48353.82549999997,1414168.06
current_month_balance,28382.0,7451.132765485167,42033.938543123135,-3374.18,1406.211,3447.995,13155.645,64051.40919999987,5778184.77
previous_month_balance,28382.0,7495.177128814037,42431.97881387936,-5171.92,1506.795,3465.2349999999997,13132.533000000001,62877.43019999993,5720144.5
