group,churned,customers,rate,lower_95,upper_95,feature
Recorded,5154,27857,0.18501633341709445,0.18049991755868822,0.18961960930707278,gender
Missing,106,525,0.2019047619047619,0.16978905318505927,0.23835114690820924,gender
Recorded,4733,25919,0.18260735367876846,0.17795108406304758,0.18735769097474506,dependents
Missing,527,2463,0.2139667072675599,0.19822255302742786,0.2306017052313129,dependents
Recorded,5247,28302,0.1853932584269663,0.18090853918209224,0.1899633698580592,occupation
Missing,13,80,0.1625,0.09749819402950367,0.2584290434069771,occupation
Recorded,5097,27579,0.18481453279669313,0.18027759200719118,0.18943926526602983,city
Missing,163,803,0.20298879202988793,0.17661310639616898,0.23219268216953162,city
Recorded,4961,25159,0.19718589769068723,0.19231588877412106,0.20214836420241408,last_transaction
Missing,299,3223,0.09277071051815079,0.08323402148908884,0.10327698827110174,last_transaction
