group,churned,customers,rate,lower_95,upper_95,segment
Female,1985,11309,0.17552391900256434,0.1686232115751634,0.18264498866309453,Gender
Male,3169,16548,0.1915035049552816,0.18558018351593003,0.19757002213330566,Gender
Missing,106,525,0.2019047619047619,0.16978905318505927,0.23835114690820924,Gender
Under 18,104,806,0.12903225806451613,0.10763633805272577,0.15394752692892322,Age
18–59,3899,20107,0.1939125677624708,0.18850651656357995,0.19943555313031522,Age
60–79,996,5880,0.16938775510204082,0.16001693360044061,0.17919027869258458,Age
80+,261,1589,0.1642542479546885,0.1468507428572079,0.18327719040867774,Age
1,710,3711,0.19132309350579357,0.17898946913100042,0.20429511369819628,Net worth
2,2606,14559,0.17899581015179614,0.17285376662241997,0.18530720584778887,Net worth
3,1944,10112,0.19224683544303797,0.18468361379582676,0.20004379367329,Net worth
None,3735,21435,0.17424772568229532,0.16922818963769531,0.17938399974652597,Dependents
1–3,954,4246,0.22468205369759775,0.21238012056209882,0.23748171013104402,Dependents
4–9,43,233,0.18454935622317598,0.13999620328278936,0.23933543598358806,Dependents
10+,1,5,0.2,0.03622410863243014,0.6244653702374747,Dependents
Missing,527,2463,0.2139667072675599,0.19822255302742786,0.2306017052313129,Dependents
Within 182 days,4538,22041,0.20588902499886574,0.20060235876589788,0.211278192780896,Recency
Over 182 days,423,3118,0.13566388710711993,0.12409182101686658,0.1481325920517362,Recency
Missing,299,3223,0.09277071051815079,0.08323402148908884,0.10327698827110174,Recency
self_employed,3467,17476,0.19838635843442434,0.19254049732815062,0.20436478783504594,Occupation
salaried,1147,6704,0.17109188544152745,0.16226620605193948,0.1802942842230763,Occupation
retired,305,2024,0.15069169960474307,0.13576864959543827,0.1669381799501407,Occupation
student,324,2058,0.15743440233236153,0.14233898337620765,0.17380630317435297,Occupation
company,4,40,0.1,0.03957952868260638,0.23051775227522298,Occupation
Missing,13,80,0.1625,0.09749819402950367,0.2584290434069771,Occupation
