group,churned,customers,rate,lower_95,upper_95,field,sample_fraction_cutoff
Below cutoff,2061,10509,0.196117613474165,0.18863782758642006,0.20381948045744358,city,0.005
At/above cutoff,3036,17070,0.17785588752196838,0.17219215442006788,0.18366457960634483,city,0.005
Below cutoff,2473,12840,0.192601246105919,0.18587272583270534,0.19951364589187862,city,0.01
At/above cutoff,2624,14739,0.17803107402130403,0.17193945269773,0.1842904825891681,city,0.01
Below cutoff,2765,14473,0.19104539487321218,0.18472299604858977,0.1975317571419925,city,0.02
At/above cutoff,2332,13106,0.17793377079200368,0.17148061920898597,0.1845756667104773,city,0.02
Below cutoff,4793,25630,0.1870074131876707,0.1822808400166917,0.19182779579687637,branch_code,0.0025
At/above cutoff,467,2752,0.16969476744186046,0.15613324315668026,0.18417713856681123,branch_code,0.0025
Below cutoff,5203,28095,0.18519309485673607,0.18069396556005712,0.18977830014087882,branch_code,0.005
At/above cutoff,57,287,0.1986062717770035,0.15656461185143636,0.24860959989443523,branch_code,0.005
Below cutoff,5260,28382,0.18532872947642873,0.18085089123096,0.18989173671218618,branch_code,0.01
