feature,current_balance,previous_month_end_balance,average_monthly_balance_prevQ,average_monthly_balance_prevQ2,current_month_credit,previous_month_credit,current_month_debit,previous_month_debit,current_month_balance,previous_month_balance
current_balance,1.0,0.7347585238353791,0.7549573717296476,0.5287551582152694,0.09462256390530682,0.04635885991038489,-0.07492600236696252,-0.06237355318625953,0.8913653231374429,0.6746040720604463
previous_month_end_balance,0.7347585238353791,1.0,0.8298350651037407,0.5854962580467006,-0.02791777605037123,0.08882877221985408,0.08571778153360421,-0.05515683243033879,0.8411785548204536,0.8691515004197494
average_monthly_balance_prevQ,0.7549573717296476,0.8298350651037407,1.0,0.7215155914850134,0.06300715523276124,0.07988405971592874,0.09873678796192834,0.09094083343999618,0.8574709697945776,0.9116554946655216
average_monthly_balance_prevQ2,0.5287551582152694,0.5854962580467006,0.7215155914850134,1.0,0.004860445883282719,-0.01583530391877323,0.026108154717518813,0.05545265488960365,0.5630256819916432,0.6548755984360615
current_month_credit,0.09462256390530682,-0.02791777605037123,0.06300715523276124,0.004860445883282719,1.0,0.5229000743026366,0.47429602035224727,0.3718590205544687,0.10773960919001954,-0.010125305463943043
previous_month_credit,0.04635885991038489,0.08882877221985408,0.07988405971592874,-0.01583530391877323,0.5229000743026366,1.0,0.40168066163102245,0.46991760633060425,0.08858631821532811,0.08079005425939809
current_month_debit,-0.07492600236696252,0.08571778153360421,0.09873678796192834,0.026108154717518813,0.47429602035224727,0.40168066163102245,1.0,0.5426922069890768,0.06605867570345543,0.08313226753323433
previous_month_debit,-0.06237355318625953,-0.05515683243033879,0.09094083343999618,0.05545265488960365,0.3718590205544687,0.46991760633060425,0.5426922069890768,1.0,-0.0392811980923863,0.08592274709706756
current_month_balance,0.8913653231374429,0.8411785548204536,0.8574709697945776,0.5630256819916432,0.10773960919001954,0.08858631821532811,0.06605867570345543,-0.0392811980923863,1.0,0.7681013242026349
previous_month_balance,0.6746040720604463,0.8691515004197494,0.9116554946655216,0.6548755984360615,-0.010125305463943043,0.08079005425939809,0.08313226753323433,0.08592274709706756,0.7681013242026349,1.0
